"","P1","P2","P3","P4","P5","P6","P7","P8","P9","P10","P11","P12","P13","P14","P15","P16","P17","P18","P19","P20","P21","P22","P23","P24","P25","P26","P27","P28","P29"
"1",0,0,3.98662385430094,641.734782322275,97.0529706335991,3286.58513693349,576.071278998304,9395.5910923384,3991.54465839185,232.812757465515,1374.41382975062,1480.19337964532,144.367311676201,351.312519629704,782.453901384813,349.530227086855,403.067869710796,270.432111960003,1261.36105698753,234.255268318344,4788.97041280066,3996.99103833723,480.269707895318,386.838386633645,300.000000000001,575.93868397113,403.285680653326,1088.58135902441,2634.96782372501
"2",0,0,58.5615573023852,655.661113302052,86.3109543899861,77.2801397611794,641.729411383188,16792.9830024864,5586.87963408134,164.170413801834,672.125195937273,2371.55221941967,206.054630661662,210.443223598726,966.155415276906,89.5636782984543,65.2561369374146,188.339684093416,1403.93476173225,663.712241103357,6978.28130733988,3577.03914851552,691.149226024893,387.148800943628,1943.54543952486,552.84833885424,300,1013.79464762598,3011.34172306977
"3",0,0,0,338.280809071274,89.7261102371757,4080.92911217623,642.727786238502,10901.878503254,5090.16395304511,187.332932074078,1366.29993329554,3842.82228297852,260.746713326144,412.633685549898,465.930768318913,685.177463095628,294.536915799878,241.912159972017,1366.3363805707,235.937417410684,5978.97086712372,2647.85459897183,574.968527064744,387.373320205422,1740.11308102182,556.684417049742,300.000000000001,911.78413311443,2584.17830467869
"4",0,0,58.5615573023852,437.775795224059,85.8669430944715,72.8176505711906,339.276947286062,11020.4778758972,5630.92337184928,200.266886187789,1620.08104411473,3696.46330960319,218.989217747788,661.140278553699,1369.321606608,120.095300460559,168.545078790684,116.224820191063,1631.62849998732,727.925510477734,6576.43220610643,2335.94268984804,461.35331047951,387.453412699601,1566.4224804174,535.514569954123,300,1061.72362426195,2603.31959390754
"5",0,0,3.986623854301,796.939508411436,116.605441210316,3566.48402354306,258.11551987669,11518.1287307927,5289.07339694246,224.016763836734,1429.2238413861,2977.21885207436,161.282311629957,628.117745386333,1342.94817207728,79.0462077067853,173.038150628258,166.463675809739,2097.06735895121,250.47856036749,6172.45185757085,3049.31023019822,465.39472289867,386.923827781399,10531.0125106714,578.862003965479,300.000000000001,1011.10624065253,2334.47385114481
"6",0,0,64.1173950133551,607.903977184182,93.4166588821153,3954.28822391452,622.828787117908,16336.6940703605,4919.73703228265,121.391041047757,1809.44109368162,3731.18137630994,264.75604438029,233.668232249979,498.392285366428,552.98546619823,230.698303258982,230.461199402107,1346.18744876537,823.088400515501,5400.67444090712,1998.71339603873,482.228740806635,387.0620928023,1749.39983699912,543.78459728599,300.000000000001,839.125278094014,2391.90977228171
"7",0,0,58.5615573023853,746.180310420277,61.5642033210895,3857.47464596922,462.647416453974,14380.498036368,5477.38919518845,146.257091868535,1951.18229706475,3462.3041789665,112.530666194449,514.497792429873,650.066255669983,407.861402186551,409.016837929924,106.948061846529,1291.20940778824,705.994039538695,6879.88016591019,1375.86891626512,566.034340379272,386.95967178165,1744.28334013908,515.90784946143,300.000000000001,671.467740616581,2227.84187183767
"8",0,0,67.8974198674795,742.709172142763,113.278453570674,3585.90052464396,518.506020865442,16042.0161251425,4737.50516158154,253.710525592433,2230.76659974342,2046.34705065793,251.821283399637,127.829313188017,1364.67476469633,427.712231989041,388.781638134248,81.853332684005,1837.43669817151,265.994928952139,6396.69058409534,1495.95440152963,453.991206728613,386.749519643514,300.000000000001,584.795412936038,300.000000000001,925.708023903973,2572.91325334389
"9",0,0,3.986623854301,796.941854284143,81.7772698634917,3618.91858821477,857.620371918105,12728.2408274491,6091.36801180811,171.128246241928,2228.34568149629,2673.11370385035,98.6012038622653,386.082630851276,1228.1880479038,282.252793501935,82.2078696656961,84.7488409088958,1457.77088348673,931.740097235005,7492.44114805683,1252.52379605978,488.414942639097,386.841412059534,200.000000000001,913.882133234872,300.000000000001,1205.30435336301,2418.18592043778
"10",0,0,58.5615573023852,596.111567016577,81.3450883206101,5490.11353566752,478.565082506332,9886.28603545746,5506.66353752303,238.848005071057,1399.49013011349,2054.50473404353,368.259361978388,302.252128798072,811.548675280957,596.749058943975,352.437705664992,204.444212927595,1477.73697571719,737.096122048888,8546.39108967786,1475.31437780931,488.381329845467,399.239508373362,1541.02521820635,568.390614116262,451.711289945139,867.119047771975,2418.53008487569
"11",0,0,3.986623854301,664.617266215904,75.816617537916,77.2517932717565,629.797328008087,15594.7542255401,5341.52937176017,221.877969265159,962.338705162563,3340.3193938507,206.33096659564,500.892871388862,859.489171514191,228.620131473952,299.724107026089,290.881211444425,1194.91416772255,249.410830125686,6072.17394294382,2008.07741008884,455.253219363095,387.068128680764,1535.61726394489,537.194047612506,413.975165773642,986.594324793767,2292.04799416229
"12",0,0,58.5615573023852,548.208269327006,87.3922781362938,3754.80274661501,684.509101767664,14460.7574415048,7025.07689469136,288.274522014546,1651.38649447841,4133.92544503697,120.490298296785,348.561680700457,721.006189582262,144.353756993278,121.102663593826,154.121289627471,1509.56941262477,739.513898829891,7054.83950645511,2012.54536934959,477.290821665078,386.98369274384,200.000000000001,550.730750454694,300.000000000001,1653.09244829154,3051.65302454857
"13",0,0,0,461.646156270627,87.7425161851382,2760.45097378951,734.307969748835,17498.6013518711,5470.89619529542,137.311930010508,1594.49810103117,2382.13484868474,168.245691561054,150.791831365987,641.128763716541,642.17814915685,94.281789459438,219.26884398173,1718.76164163197,654.041433357973,6491.56096384475,1922.15322733463,480.159989343177,387.094981597838,2249.06499452974,552.81173541107,300.000000000001,1235.53961241862,2732.6661832738
"14",0,0,64.1173950133551,621.837674216789,94.9443941340779,4225.1923452737,767.083597226208,16754.8395714099,5786.61350157492,132.327781902481,1825.27956007452,1385.02418138984,288.633664890763,208.304066156564,1052.42185701652,457.115458288707,177.381066056616,164.130753661208,903.136804402657,631.898628571122,4862.03344959591,3020.97342735986,494.518666434912,386.844374190576,1927.48288059468,2394.91863800611,413.975165773641,978.123393161155,2724.74739922804
"15",0,0,64.1173950133551,601.926815875284,84.0512721489633,70.3639931311792,585.401260124917,8347.09994520743,5513.33858932553,213.90667871967,1351.4824087705,2303.13818782907,255.802061470584,400.742015805335,2063.08576069736,149.686093515694,105.505972474249,169.967623078055,1961.70803495415,795.850308927443,4356.09988630791,1614.35167858952,506.868494107957,387.334697639711,1562.50177120878,516.214225754556,403.285680653326,1186.77059830272,2305.26216295636
"16",0,0,58.5615573023853,780.023884814464,83.5127101564919,2887.23337996368,772.057644202693,17895.3963582308,4684.8274787502,225.847554360572,2559.90586304655,2694.44683567829,176.206605687713,205.215275143913,1126.36213936843,255.510564949257,140.03273451734,286.189393647944,1458.43601352927,280.624461520276,6238.23593126075,1674.88098738838,456.378382448836,386.983049002977,2827.28071547436,2636.15782609475,300.000000000001,947.158356890851,2886.11738645257
"17",0,0,0,647.701119694476,100.794678482745,2906.47739025682,664.614281559796,16931.3637671483,5471.15571023342,266.64887544208,1666.26296641629,838.792533034736,216.003276655642,618.48750146921,419.378362372169,215.787648138421,332.515656973347,87.260871849282,840.755677417812,693.975577033352,5417.5276925317,3158.07822072492,553.733642295576,387.018395404449,300.000000000001,682.618722128173,300.000000000001,682.909575875924,2230.06814702441
"18",0,0,58.5615573023852,911.333308952913,100.102442636966,3202.8722485693,517.371388459772,14689.2646069315,3677.34548917161,201.978564683924,1692.35996656797,2567.35821549796,172.224087914736,221.708334095567,622.335668137044,741.652932293719,186.082385462985,141.522896512602,1531.90469921372,397.373179522547,5668.42944017515,1458.14541354797,1185.61671433072,386.951706680768,300.000000000001,2586.16324150528,300.000000000001,1141.81855703188,2725.85515406421
"19",0,0,71.8889729096077,533.448080194756,79.9874010432627,2807.59549348811,570.10096011564,18801.1239396128,4218.82384293254,349.14209874746,1635.00337084116,1965.40531295254,193.120298834104,469.44872744487,1373.22393326691,83.1300425006377,238.94353201476,163.030630076367,1793.15372571131,264.41759495181,5806.15495137385,1808.32012237597,535.56429126803,387.064734620883,2764.92337377313,630.50654492817,403.285680653326,985.837376980266,2537.62991722756
"20",0,0,3.986623854301,472.59195832648,100.689648764426,76.8800723807287,682.524887982838,14671.4072197704,5101.77406332345,350.213394340418,2029.03489085194,1159.8242888073,147.453758342196,276.297086968653,1185.06709739209,237.470168125585,124.795512614118,125.422620715066,1473.79137338726,244.000733908757,6784.17235642127,2137.65657840982,568.436209472261,387.625165372809,1466.8797581071,555.6916840268,300.000000000001,1565.24084492684,2506.045106645
"21",0,0,3.98662385430094,785.998941811482,93.8703981313532,3469.74289423488,582.898806680995,15538.6363510067,5270.17073828591,224.482369314869,1755.35438688353,3570.66778401751,167.252188429242,288.924522192179,459.832985590368,692.52577049043,76.1506157992258,133.037111883978,1550.90181467421,286.372692825462,5439.85416679711,2898.95525378483,521.39366288492,387.09706125353,300.000000000001,580.499814902088,300.000000000001,1051.11590253931,2791.58145375123
"22",0,0,0,780.019848459481,98.4971499751371,3433.90238736896,769.078578102918,18827.5703712747,4930.69756463586,205.960226206264,2124.64360533784,2703.155767042,139.393648745521,369.444230207497,1121.78989516861,297.084836035194,50.3617318011879,354.748917191967,1010.43888655315,233.79220925454,6138.01157048309,2744.49574922254,464.416082420619,387.008963774188,2159.14010185449,542.82812501589,300.000000000001,1425.25898042085,2211.80437926353
"23",0,0,0,539.256644402401,100.559709654539,3867.65850915833,531.295327768283,12851.7702531496,4864.75436527238,252.714562262121,2331.49501449762,3122.06515981086,158.29715925727,527.148084534124,920.844997744556,381.053224418421,382.755034566858,224.547854570323,1276.90497465111,861.372227751045,4001.74503691673,1863.43425588732,474.627308962863,387.000132024111,1409.56843005921,4699.17110700259,300.000000000001,1139.91644028486,2567.05983678506
"24",0,0,58.5615573023852,796.943345382558,97.2296565996461,71.0123378043817,637.304431861672,28449.6087280689,4878.31447010709,174.122012978713,1691.21806732694,2082.70994354119,159.292901719669,441.993996707266,2285.86085756827,675.18545278757,289.009617038238,90.1882463848226,1553.27683787276,281.771364657374,5994.97961789123,2216.46885196705,580.988899455893,386.910806599569,300.000000000001,621.433893057095,300.000000000001,952.781909253409,2604.30942429641
"25",0,0,64.1173950133551,645.714313514909,80.8848818396666,4100.48911916533,856.937613817148,11938.661822999,5199.92583312214,129.342695884019,1062.07481043537,3296.33547096706,421.353606817014,682.02785252622,1070.82763052441,270.570259529731,246.826592304952,236.125274048094,1545.1639678752,694.538315892336,5661.74699145569,1256.55823332628,599.625244726413,386.956310633816,300.000000000001,553.048623902697,451.711289945139,1253.09390212472,2729.29310160508
